column,original_order_mean,sorted_by_age_mean,difference_sorted_minus_original,absolute_difference,original_nonblank,sorted_nonblank
Lthal,7184.446153846154,7135.620615384616,-48.82553846153769,48.82553846153769,325,325
Rthal,6995.502153846154,6948.814153846152,-46.68800000000192,46.68800000000192,325,325
Lput,4696.955384615385,4657.299076923076,-39.656307692308474,39.656307692308474,325,325
Rput,4709.589230769231,4675.055384615384,-34.53384615384675,34.53384615384675,325,325
Rcaud,3301.8843076923076,3277.7504615384614,-24.133846153846207,24.133846153846207,325,325
Lcaud,3290.280923076923,3267.944000000001,-22.336923076922176,22.336923076922176,325,325
Lhippo,4045.9289230769227,4028.7273846153844,-17.201538461538348,17.201538461538348,325,325
Rhippo,4207.155384615385,4191.7950769230765,-15.360307692308197,15.360307692308197,325,325
Rpal,1800.7516923076923,1794.6107692307692,-6.140923076923173,6.140923076923173,325,325
Lamyg,1534.1055384615386,1528.6298461538463,-5.47569230769227,5.47569230769227,325,325
Lpal,1847.8809230769232,1842.710153846154,-5.17076923076911,5.17076923076911,325,325
Laccumb,383.09507692307693,377.99046153846155,-5.104615384615386,5.104615384615386,325,325
Raccumb,467.7301538461538,462.79415384615385,-4.935999999999979,4.935999999999979,325,325
Ramyg,1642.58,1639.0120000000002,-3.5679999999997563,3.5679999999997563,325,325
L_transversetemporal_thickavg,2.2552799999999995,2.2552800000000004,8.881784197001252e-16,8.881784197001252e-16,325,325
R_inferiorparietal_thickavg,2.4224369230769227,2.4224369230769236,8.881784197001252e-16,8.881784197001252e-16,325,325
L_temporalpole_thickavg,3.5151138461538465,3.5151138461538456,-8.881784197001252e-16,8.881784197001252e-16,325,325
R_entorhil_thickavg,3.382707692307693,3.382707692307692,-8.881784197001252e-16,8.881784197001252e-16,325,325
L_insula_thickavg,2.854944615384616,2.8549446153846154,-4.440892098500626e-16,4.440892098500626e-16,325,325
R_posteriorcingulate_thickavg,2.381781538461538,2.3817815384615386,4.440892098500626e-16,4.440892098500626e-16,325,325
R_lateraloccipital_thickavg,2.205292307692307,2.2052923076923077,4.440892098500626e-16,4.440892098500626e-16,325,325
R_lingual_thickavg,1.9005476923076927,1.9005476923076923,-4.440892098500626e-16,4.440892098500626e-16,325,325
R_parahippocampal_thickavg,2.505667692307693,2.5056676923076924,-4.440892098500626e-16,4.440892098500626e-16,325,325
R_temporalpole_thickavg,3.6365230769230767,3.636523076923077,4.440892098500626e-16,4.440892098500626e-16,325,325
L_superiorparietal_thickavg,2.1878123076923077,2.187812307692308,4.440892098500626e-16,4.440892098500626e-16,325,325
R_superiortemporal_thickavg,2.6700953846153848,2.6700953846153843,-4.440892098500626e-16,4.440892098500626e-16,325,325
L_supramargil_thickavg,2.489243076923077,2.4892430769230764,-4.440892098500626e-16,4.440892098500626e-16,325,325
R_superiorfrontal_thickavg,2.7692184615384616,2.769218461538461,-4.440892098500626e-16,4.440892098500626e-16,325,325
L_parstriangularis_thickavg,2.385433846153846,2.3854338461538456,-4.440892098500626e-16,4.440892098500626e-16,325,325
L_parsopercularis_thickavg,2.5362553846153846,2.536255384615384,-4.440892098500626e-16,4.440892098500626e-16,325,325
L_fusiform_thickavg,2.663652307692308,2.6636523076923075,-4.440892098500626e-16,4.440892098500626e-16,325,325
L_lingual_thickavg,1.881224615384615,1.8812246153846155,4.440892098500626e-16,4.440892098500626e-16,325,325
L_rostralmiddlefrontal_thickavg,2.382156923076923,2.3821569230769226,-4.440892098500626e-16,4.440892098500626e-16,325,325
L_medialorbitofrontal_thickavg,2.410873846153846,2.4108738461538457,-4.440892098500626e-16,4.440892098500626e-16,325,325
L_parsorbitalis_thickavg,2.6351384615384617,2.635138461538461,-4.440892098500626e-16,4.440892098500626e-16,325,325
L_parahippocampal_thickavg,2.5081815384615385,2.508181538461538,-4.440892098500626e-16,4.440892098500626e-16,325,325
L_middletemporal_thickavg,2.7588369230769234,2.758836923076923,-4.440892098500626e-16,4.440892098500626e-16,325,325
R_cuneus_thickavg,1.8397538461538463,1.839753846153846,-2.220446049250313e-16,2.220446049250313e-16,325,325
L_rostralanteriorcingulate_surfavg,743.9538461538461,743.9538461538461,0.0,0.0,325,325
R_caudalanteriorcingulate_surfavg,675.4892307692307,675.4892307692307,0.0,0.0,325,325
R_cuneus_surfavg,1516.2276923076922,1516.2276923076922,0.0,0.0,325,325
R_caudalmiddlefrontal_surfavg,1851.3907692307691,1851.3907692307691,0.0,0.0,325,325
R_entorhil_surfavg,359.36615384615385,359.36615384615385,0.0,0.0,325,325
R_fusiform_surfavg,2791.5938461538462,2791.5938461538462,0.0,0.0,325,325
R_inferiorparietal_surfavg,4987.947692307693,4987.947692307693,0.0,0.0,325,325
R_inferiortemporal_surfavg,3054.713846153846,3054.713846153846,0.0,0.0,325,325
R_bankssts_surfavg,832.1353846153846,832.1353846153846,0.0,0.0,325,325
L_transversetemporal_surfavg,438.36615384615385,438.36615384615385,0.0,0.0,325,325
L_insula_surfavg,2244.833846153846,2244.833846153846,0.0,0.0,325,325
L_temporalpole_surfavg,487.76307692307694,487.76307692307694,0.0,0.0,325,325
L_frontalpole_surfavg,246.46769230769232,246.46769230769232,0.0,0.0,325,325
L_supramargil_surfavg,3652.190769230769,3652.190769230769,0.0,0.0,325,325
L_superiortemporal_surfavg,3601.8553846153845,3601.8553846153845,0.0,0.0,325,325
L_superiorparietal_surfavg,4997.876923076923,4997.876923076923,0.0,0.0,325,325
L_postcentral_surfavg,3896.0584615384614,3896.0584615384614,0.0,0.0,325,325
L_posteriorcingulate_surfavg,1086.1046153846153,1086.1046153846153,0.0,0.0,325,325
L_precentral_surfavg,4560.581538461539,4560.581538461539,0.0,0.0,325,325
L_superiorfrontal_surfavg,6424.981538461539,6424.981538461539,0.0,0.0,325,325
L_precuneus_surfavg,3530.803076923077,3530.803076923077,0.0,0.0,325,325
R_isthmuscingulate_surfavg,894.1169230769231,894.1169230769231,0.0,0.0,325,325
L_rostralmiddlefrontal_surfavg,5073.676923076923,5073.676923076923,0.0,0.0,325,325
R_posteriorcingulate_surfavg,1113.513846153846,1113.513846153846,0.0,0.0,325,325
R_lateraloccipital_surfavg,4484.467692307692,4484.467692307692,0.0,0.0,325,325
R_lateralorbitofrontal_surfavg,2372.0307692307692,2372.0307692307692,0.0,0.0,325,325
R_insula_surfavg,2203.8276923076924,2203.8276923076924,0.0,0.0,325,325
R_transversetemporal_surfavg,320.05538461538464,320.05538461538464,0.0,0.0,325,325
R_temporalpole_surfavg,476.4769230769231,476.4769230769231,0.0,0.0,325,325
R_frontalpole_surfavg,302.7415384615385,302.7415384615385,0.0,0.0,325,325
R_supramargil_surfavg,3391.996923076923,3391.996923076923,0.0,0.0,325,325
R_superiortemporal_surfavg,3428.055384615385,3428.055384615385,0.0,0.0,325,325
R_superiorparietal_surfavg,4868.753846153846,4868.753846153846,0.0,0.0,325,325
R_superiorfrontal_surfavg,6106.830769230769,6106.830769230769,0.0,0.0,325,325
R_rostralmiddlefrontal_surfavg,5129.132307692308,5129.132307692308,0.0,0.0,325,325
R_rostralanteriorcingulate_surfavg,563.5784615384615,563.5784615384615,0.0,0.0,325,325
R_precuneus_surfavg,3671.036923076923,3671.036923076923,0.0,0.0,325,325
R_precentral_surfavg,4514.609230769231,4514.609230769231,0.0,0.0,325,325
L_parstriangularis_surfavg,1220.5076923076922,1220.5076923076922,0.0,0.0,325,325
R_postcentral_surfavg,3818.8246153846153,3818.8246153846153,0.0,0.0,325,325
R_pericalcarine_surfavg,1509.5661538461538,1509.5661538461538,0.0,0.0,325,325
R_parstriangularis_surfavg,1438.596923076923,1438.596923076923,0.0,0.0,325,325
R_parsorbitalis_surfavg,737.1753846153846,737.1753846153846,0.0,0.0,325,325
R_parsopercularis_surfavg,1248.8923076923077,1248.8923076923077,0.0,0.0,325,325
R_paracentral_surfavg,1348.84,1348.84,0.0,0.0,325,325
R_parahippocampal_surfavg,599.9292307692308,599.9292307692308,0.0,0.0,325,325
R_middletemporal_surfavg,3254.904615384615,3254.904615384615,0.0,0.0,325,325
R_medialorbitofrontal_surfavg,1891.363076923077,1891.363076923077,0.0,0.0,325,325
R_lingual_surfavg,3035.452307692308,3035.452307692308,0.0,0.0,325,325
L_pericalcarine_surfavg,1362.7876923076924,1362.7876923076924,0.0,0.0,325,325
age,58.56307692307692,58.56307692307692,0.0,0.0,325,325
L_parsorbitalis_surfavg,608.7384615384616,608.7384615384616,0.0,0.0,325,325
L_precentral_thickavg,2.5703107692307694,2.5703107692307694,0.0,0.0,325,325
R_medialorbitofrontal_thickavg,2.4216892307692306,2.4216892307692306,0.0,0.0,325,325
R_lateralorbitofrontal_thickavg,2.6005784615384613,2.6005784615384613,0.0,0.0,325,325
R_isthmuscingulate_thickavg,2.2131538461538462,2.2131538461538462,0.0,0.0,325,325
R_inferiortemporal_thickavg,2.73592,2.73592,0.0,0.0,325,325
R_fusiform_thickavg,2.6797692307692307,2.6797692307692307,0.0,0.0,325,325
R_caudalmiddlefrontal_thickavg,2.56612,2.56612,0.0,0.0,325,325
R_caudalanteriorcingulate_thickavg,2.4131015384615386,2.4131015384615386,0.0,0.0,325,325
R_bankssts_thickavg,2.503006153846154,2.503006153846154,0.0,0.0,325,325
L_frontalpole_thickavg,2.7670707692307692,2.7670707692307692,0.0,0.0,325,325
L_superiortemporal_thickavg,2.645916923076923,2.645916923076923,0.0,0.0,325,325
L_superiorfrontal_thickavg,2.7777476923076923,2.7777476923076923,0.0,0.0,325,325
L_rostralanteriorcingulate_thickavg,2.679633846153846,2.679633846153846,0.0,0.0,325,325
L_precuneus_thickavg,2.328003076923077,2.328003076923077,0.0,0.0,325,325
L_posteriorcingulate_thickavg,2.3986,2.3986,0.0,0.0,325,325
R_paracentral_thickavg,2.4895876923076923,2.4895876923076923,0.0,0.0,325,325
L_postcentral_thickavg,2.0808923076923076,2.0808923076923076,0.0,0.0,325,325
L_pericalcarine_thickavg,1.5293046153846155,1.5293046153846155,0.0,0.0,325,325
L_paracentral_thickavg,2.437843076923077,2.437843076923077,0.0,0.0,325,325
L_lateralorbitofrontal_thickavg,2.5726769230769233,2.5726769230769233,0.0,0.0,325,325
L_lateraloccipital_thickavg,2.1477323076923076,2.1477323076923076,0.0,0.0,325,325
L_isthmuscingulate_thickavg,2.2004184615384617,2.2004184615384617,0.0,0.0,325,325
L_inferiortemporal_thickavg,2.7296307692307695,2.7296307692307695,0.0,0.0,325,325
L_inferiorparietal_thickavg,2.4124584615384617,2.4124584615384617,0.0,0.0,325,325
L_entorhil_thickavg,3.249753846153846,3.249753846153846,0.0,0.0,325,325
L_cuneus_thickavg,1.7955969230769229,1.7955969230769229,0.0,0.0,325,325
L_caudalmiddlefrontal_thickavg,2.5848153846153847,2.5848153846153847,0.0,0.0,325,325
L_caudalanteriorcingulate_thickavg,2.5174523076923077,2.5174523076923077,0.0,0.0,325,325
L_bankssts_thickavg,2.3997076923076923,2.3997076923076923,0.0,0.0,325,325
R_middletemporal_thickavg,2.7597046153846154,2.7597046153846154,0.0,0.0,325,325
R_parsopercularis_thickavg,2.553393846153846,2.553393846153846,0.0,0.0,325,325
L_parsopercularis_surfavg,1472.5292307692307,1472.5292307692307,0.0,0.0,325,325
L_caudalmiddlefrontal_surfavg,1960.116923076923,1960.116923076923,0.0,0.0,325,325
L_paracentral_surfavg,1246.84,1246.84,0.0,0.0,325,325
L_parahippocampal_surfavg,639.1446153846153,639.1446153846153,0.0,0.0,325,325
L_middletemporal_surfavg,2960.9784615384615,2960.9784615384615,0.0,0.0,325,325
L_medialorbitofrontal_surfavg,1820.5815384615385,1820.5815384615385,0.0,0.0,325,325
L_lingual_surfavg,2885.409230769231,2885.409230769231,0.0,0.0,325,325
L_lateralorbitofrontal_surfavg,2408.68,2408.68,0.0,0.0,325,325
L_lateraloccipital_surfavg,4531.055384615384,4531.055384615384,0.0,0.0,325,325
L_isthmuscingulate_surfavg,999.4615384615385,999.4615384615385,0.0,0.0,325,325
L_inferiortemporal_surfavg,3184.566153846154,3184.566153846154,0.0,0.0,325,325
sex,2.0,2.0,0.0,0.0,325,325
L_fusiform_surfavg,2847.067692307692,2847.067692307692,0.0,0.0,325,325
L_entorhil_surfavg,388.96923076923076,388.96923076923076,0.0,0.0,325,325
L_cuneus_surfavg,1440.3661538461538,1440.3661538461538,0.0,0.0,325,325
L_caudalanteriorcingulate_surfavg,549.6553846153846,549.6553846153846,0.0,0.0,325,325
R_parsorbitalis_thickavg,2.6623938461538463,2.6623938461538463,0.0,0.0,325,325
L_bankssts_surfavg,918.7261538461538,918.7261538461538,0.0,0.0,325,325
R_insula_thickavg,2.8958646153846153,2.8958646153846153,0.0,0.0,325,325
R_transversetemporal_thickavg,2.2618553846153846,2.2618553846153846,0.0,0.0,325,325
R_frontalpole_thickavg,2.7623076923076924,2.7623076923076924,0.0,0.0,325,325
R_supramargil_thickavg,2.475781538461538,2.475781538461538,0.0,0.0,325,325
R_superiorparietal_thickavg,2.17136,2.17136,0.0,0.0,325,325
R_rostralmiddlefrontal_thickavg,2.3783446153846155,2.3783446153846155,0.0,0.0,325,325
R_rostralanteriorcingulate_thickavg,2.681569230769231,2.681569230769231,0.0,0.0,325,325
R_precuneus_thickavg,2.3311784615384616,2.3311784615384616,0.0,0.0,325,325
R_precentral_thickavg,2.52844,2.52844,0.0,0.0,325,325
R_postcentral_thickavg,2.0677476923076923,2.0677476923076923,0.0,0.0,325,325
R_pericalcarine_thickavg,1.5592892307692308,1.5592892307692308,0.0,0.0,325,325
R_parstriangularis_thickavg,2.4202215384615386,2.4202215384615386,0.0,0.0,325,325
L_inferiorparietal_surfavg,4255.587692307692,4255.587692307692,0.0,0.0,325,325
